[{"id":"user-image-birthday-cake_2454313.png","publicUrl":"np://user.desktop.nicepage.com/Site_28908299/images/birthday-cake_2454313.png","size":20738,"hash":"qFJXnXhNjIY6jurXwOEO5VBZLr0=","fileName":"birthday-cake_2454313.png","name":"birthday-cake_2454313","width":500,"height":500,"thumbnail":{"url":"np://user.desktop.nicepage.com/Site_28908299/images/thumbnails/birthday-cake_2454313.png","width":250,"height":250},"folderId":null,"usages":["575922394"]},{"id":"user-image-cannon_3004919.png","publicUrl":"np://user.desktop.nicepage.com/Site_28908299/images/cannon_3004919.png","size":21797,"hash":"+PmUDMXmCzW25z6CJsSMk+ChTSo=","fileName":"cannon_3004919.png","name":"cannon_3004919","width":500,"height":500,"thumbnail":{"url":"np://user.desktop.nicepage.com/Site_28908299/images/thumbnails/cannon_3004919.png","width":250,"height":250},"folderId":null,"usages":["575922394"]},{"id":"user-image-Comida2.png","publicUrl":"np://user.desktop.nicepage.com/Site_28908299/images/Comida2.png","size":59699,"hash":"TiXClP3kHJl9VmsQVElt93AstKU=","fileName":"Comida2.png","name":"Comida2","width":500,"height":500,"thumbnail":{"url":"np://user.desktop.nicepage.com/Site_28908299/images/thumbnails/Comida2.png","width":250,"height":250},"folderId":null,"usages":["575922394"]},{"id":"user-image-bonfire_3727258.png","publicUrl":"np://user.desktop.nicepage.com/Site_28908299/images/bonfire_3727258.png","size":22264,"hash":"ek/8Puk2+8Nuf2O0VnBFWRYllr4=","fileName":"bonfire_3727258.png","name":"bonfire_3727258","width":500,"height":500,"thumbnail":{"url":"np://user.desktop.nicepage.com/Site_28908299/images/thumbnails/bonfire_3727258.png","width":250,"height":250},"folderId":null,"usages":["575922394"]},{"id":"user-image-Animadores3.png","publicUrl":"np://user.desktop.nicepage.com/Site_28908299/images/Animadores3.png","size":46231,"hash":"I9P2QXsDZes6Xdr+xlpGhDXSMiQ=","fileName":"Animadores3.png","name":"Animadores3","width":500,"height":500,"thumbnail":{"url":"np://user.desktop.nicepage.com/Site_28908299/images/thumbnails/Animadores3.png","width":250,"height":250},"folderId":null,"usages":["575922394"]},{"id":"user-image-Infable3.png","publicUrl":"np://user.desktop.nicepage.com/Site_28908299/images/Infable3.png","size":57693,"hash":"MGir6wF0sBj1ToeIAd5bRo3w8QQ=","fileName":"Infable3.png","name":"Infable3","width":500,"height":500,"thumbnail":{"url":"np://user.desktop.nicepage.com/Site_28908299/images/thumbnails/Infable3.png","width":250,"height":250},"folderId":null,"usages":["575922394"]},{"id":"user-image-WhatsAppImage2024-01-26at9.46.31PM.jpeg","publicUrl":"np://user.desktop.nicepage.com/Site_28908299/images/WhatsAppImage2024-01-26at9.46.31PM.jpeg","size":82864,"hash":"U2bJkntidolfoClHyXhIPdQ4juY=","fileName":"WhatsAppImage2024-01-26at9.46.31PM.jpeg","name":"WhatsAppImage2024-01-26at9.46.31PM","width":540,"height":959,"thumbnail":{"url":"np://user.desktop.nicepage.com/Site_28908299/images/thumbnails/WhatsAppImage2024-01-26at9.46.31PM.jpeg","width":141,"height":250},"folderId":null,"usages":["575922394"]},{"id":"user-image-194619886_385228702816447_4466470274706933781_n.jpg","publicUrl":"np://user.desktop.nicepage.com/Site_28908299/images/194619886_385228702816447_4466470274706933781_n.jpg","size":198863,"hash":"5++zc/ETH8/nAoDB0Wnfn+21PVA=","fileName":"194619886_385228702816447_4466470274706933781_n.jpg","name":"194619886_385228702816447_4466470274706933781_n","width":1080,"height":1079,"thumbnail":{"url":"np://user.desktop.nicepage.com/Site_28908299/images/thumbnails/194619886_385228702816447_4466470274706933781_n.jpg","width":250,"height":250},"folderId":null,"usages":["575922394"]},{"id":"user-image-326400848_1358713668274266_2776456316016204716_n.jpg","publicUrl":"np://user.desktop.nicepage.com/Site_28908299/images/326400848_1358713668274266_2776456316016204716_n.jpg","size":167709,"hash":"4v2d+sHkvrvOpk32FdKjflao2sk=","fileName":"326400848_1358713668274266_2776456316016204716_n.jpg","name":"326400848_1358713668274266_2776456316016204716_n","width":864,"height":1080,"thumbnail":{"url":"np://user.desktop.nicepage.com/Site_28908299/images/thumbnails/326400848_1358713668274266_2776456316016204716_n.jpg","width":200,"height":250},"folderId":null,"usages":["575922394"]},{"id":"user-image-WhatsAppImage2024-01-26at9.29.43PM.jpeg","publicUrl":"np://user.desktop.nicepage.com/Site_28908299/images/WhatsAppImage2024-01-26at9.29.43PM.jpeg","size":54586,"hash":"k6KWM1x1e8ZYmHjWajOEHjuUHiQ=","fileName":"WhatsAppImage2024-01-26at9.29.43PM.jpeg","name":"WhatsAppImage2024-01-26at9.29.43PM","width":393,"height":537,"thumbnail":{"url":"np://user.desktop.nicepage.com/Site_28908299/images/thumbnails/WhatsAppImage2024-01-26at9.29.43PM.jpeg","width":183,"height":250},"folderId":null,"usages":["575922394"]},{"id":"user-image-121509105_1812336502251029_3642362373691136019_n.jpg","publicUrl":"np://user.desktop.nicepage.com/Site_28908299/images/121509105_1812336502251029_3642362373691136019_n.jpg","size":240567,"hash":"eF/pfqeusd4vz2pbafBtPaLFxAI=","fileName":"121509105_1812336502251029_3642362373691136019_n.jpg","name":"121509105_1812336502251029_3642362373691136019_n","width":1440,"height":1440,"thumbnail":{"url":"np://user.desktop.nicepage.com/Site_28908299/images/thumbnails/121509105_1812336502251029_3642362373691136019_n.jpg","width":250,"height":250},"folderId":null,"usages":["575922394"]},{"id":"user-image-320566234_1192220711705870_4504479276738891692_n.jpg","publicUrl":"np://user.desktop.nicepage.com/Site_28908299/images/320566234_1192220711705870_4504479276738891692_n.jpg","size":166727,"hash":"RICv31m6aM59GX8Ub+8wY65KBok=","fileName":"320566234_1192220711705870_4504479276738891692_n.jpg","name":"320566234_1192220711705870_4504479276738891692_n","width":864,"height":1080,"thumbnail":{"url":"np://user.desktop.nicepage.com/Site_28908299/images/thumbnails/320566234_1192220711705870_4504479276738891692_n.jpg","width":200,"height":250},"folderId":null,"usages":["575922394"]},{"id":"user-image-189552370_485880619410615_5923956617824718204_n.png","publicUrl":"np://user.desktop.nicepage.com/Site_28908299/images/189552370_485880619410615_5923956617824718204_n.png","size":380352,"hash":"5fwFfCLykOqv2woCOrFmA8+FccU=","fileName":"189552370_485880619410615_5923956617824718204_n.png","name":"189552370_485880619410615_5923956617824718204_n","width":1440,"height":1440,"thumbnail":{"url":"np://user.desktop.nicepage.com/Site_28908299/images/thumbnails/189552370_485880619410615_5923956617824718204_n.png","width":250,"height":250},"folderId":null,"usages":[]},{"id":"user-image-d5c67e99-2274-4f77-93f5-96e72193c074.jpg","publicUrl":"np://user.desktop.nicepage.com/Site_28908299/images/d5c67e99-2274-4f77-93f5-96e72193c074.jpg","size":68300,"hash":"3iQXkRaC/PqWjvdjwgEn41B+ZaQ=","fileName":"d5c67e99-2274-4f77-93f5-96e72193c074.jpg","name":"d5c67e99-2274-4f77-93f5-96e72193c074","width":1080,"height":771,"thumbnail":{"url":"np://user.desktop.nicepage.com/Site_28908299/images/thumbnails/d5c67e99-2274-4f77-93f5-96e72193c074.jpg","width":250,"height":178},"folderId":null,"usages":["575922394"]}]